receiver_id,caregiver_id,satisfaction_score,notes
R001,C001,5,長期担当で信頼関係あり。入浴介助の手際が良い
R001,C003,4,丁寧だが移動距離がやや遠い
R002,C002,5,同じ世田谷区で移動が楽。利用者の状態をよく把握
R002,C007,4,代替で入った際も問題なし
R003,C010,5,渋谷区内で近い。生活援助が丁寧
R003,C003,3,時間が合わないことがあった
R004,C008,5,要介護5の対応経験が豊富。家族からの信頼も厚い
R004,C004,2,経験不足で身体介護に不安あり。利用者家族からクレーム
R005,C005,4,中野区内で近い。穏やかな対応
R006,C001,4,杉並区内で移動が楽。女性ヘルパー希望に合致
R006,C006,3,資格は初任者研修で問題ないが経験が浅い
R007,C002,5,世田谷区内。身体介護の技術が高い
R007,C007,4,同地区で代替要員として適任
R009,C008,5,重度利用者の対応に最も信頼できるヘルパー
R009,C002,3,対応可能だが新宿区への移動に時間がかかる
R010,C005,5,中野区内。女性希望に合致。継続担当
R011,C006,4,杉並区内。生活援助のみなので初任者研修で問題なし
R012,C007,4,世田谷区内。女性希望だが技術面で利用者が了承
R013,C004,4,新宿区内で近い。生活援助メインなので問題なし
R015,C001,4,杉並区内で移動が楽だがC001の担当数が多い
